the student,der Student
the table,der Tisch
the chair,der Stuhl
the lamp,die Lampe
the students,die Studentin
the house,das Haus
the bed,das Bett
the child,das Kind
the book,das Buch
the father,der Vater
the friend,der Freund
the rooster,der Hahn
the bull,der Stier
the god,der Gott
the artists,der Künstler
the worker,der Arbeiter
the scientist,der Wissenschaftler
the writer,der Schriftsteller
the computer,der Computer
the ballpoint pen,der Kugelschreiber
the Monday,der Montag
the Wednesday,der Mittwoch
the December,der Dezember
the winter,der Winter
the summer,der Sommer
the king,der König
the carpet,der Teppich
the sparrow,der Sperling
the palace,der Palast
the socialism,der Sozialismus
the north,der Norden
the south,der Süden
the east,der Osten
the west,der Westen
the mother,die Mutter
the friend (f),die Freundin
the hen,die Henne
the cow,die Kuh
the goddess,die Göttin
the artist (f),die Künstlerin
the oak,die Eiche
the chestnut,die Kastinie
the pear,die Birne
the tomato,die Tomate
the rose,die Rose
the orchid,die Orchidee
the bakery,die Bäckerei
the industry,die Industrie
the architect,der Architekt
the architect (f),die Architektin
the version,die Version
the health,die Gesundheit
the company,die Gesellschaft
the university,die Universität
the hope,die Hoffnung
the literature,die Literatur
the book,das Buch
the booklet,das Büchlein
the particle,das Teilchen
the little man,das Männlein
the little table,das Tischchen
the car,das Auto
the radio,das Radio
the embargo,das Embargo
the video,das Video
the coming,das Kommen
the going,das Gehen
the knowledge,das Wissen
the learning,das Lernen
the thinking,das Denken
the being,das Sein
the study,das Studium
the universe,das Universum
the gospel,das Evangelium
the visa,das Visum
the April,der April
the anarchy,die Anarchie
the architecture,die Architektur
the arm,der Arm
the August,der August
the ball,der Ball
the beginning (formal moment),der Beginn
the biology,die Biologie
the bus,der Bus
the butter,die Butter
the clown,der Clown
the diskette,die Diskette
the division,die Division
the e-mail,die E-Mail
the experiment,das Experiment
the Febuary,der Februar
the film,der Film
the finger,der Finger
the photo,das Foto
the garage,die Garage
the general,der General
the geography,die Geographie
the geometry,die Geometrie
the gold,das Gold
the hand,die Hand
the happy ending,das Happy End
the hotel,das Hotel
the hunger,der Hunger
the index,der Index
the computer science,die Informatik
the instrument,das Instrument
the January,der Januar
the kilometer,das Kilometer
the kindergarten,der Kindergarten
the clarinet,die Klarinette
the knot,der Knoten
the know-how,das Know-how
the compromise,der Kompromiss
the culture,die Kultur
the labyrinth,das Labyrinth
the country,das Land
the linguistics,die Linguistik
the literature,die Literatur
the Madonna,die Madonna
the mathematics,die Mathematik
the migration,die Migration
the million,die Million
the minute,die Minute
the museum,das Museum
the music,die Musik
the name,der Name
the november,der November
the opium,das Opium
the october,der Oktober
the opposition,die Opposition
the park,der Park
the philosophy,die Philosophie
the physics,die Physik
the politics,die Politik
the problem,das Problem
the professor,der Professor
the program,das Programm
the project,das Projekt
the process,der Prozess
the procession,die Prozession
the sweater,der Pullover
the psychology,die Psychologie
the quarter,das Quartal
the reform,die Reform
the restaurant,das Restaurant
the ring,der Ring
the sand,der Sand
the semester,das Semester
the senator,der Senator
the September,der September
the sofa,das Sofa
the sociology,die Soziologie
the sport,der Sport
the talent,das Talent
the tango,der Tango
the tank (container),der Tank
the taxi,das Taxi
the team,das Team
the technology,die Technologie
the text,der Text
the theater,das Theater
the thermomenter,das Thermometer
the tube,die Tube
the tundra,die Tundra
the tunnel,der Tunnel
the turban,der Turban
the turbine,die Turbine
the ulimatum,das Ultimatum
the umlaut,der Umlaut
the vendetta,die Vendetta
the veranda,die Veranda
the verb,das Verb
the villa,die Villa
the viola,die Viola
the wind,der Wind
the wolf,der Wolf
the xenophobe,die Xenophobie
the yacht,die Yacht
the yak,der Yak
the Yankee,der Yankee
the yen,der Yen
the yoga,das Yoga
the yucca,die Yucca
the zebra,das Zebra
the zero,die Null
the zoo,der Zoo
the beginning (the start),der Anfang
the Germany,das Deutschland
the Earth,die Erde
the question,die Frage
the story,die Geschichte
the year,das Jahr
the art,die Kunst
the Austria,das Österreich
the city,die Stadt
the day,der Tag
the science,die Wissenschaft
the word,das Wort
the neighboring country,das Nachbarland
the capital city,die Hauptstadt
the opera,die Oper
the art history,die Kunstgeschichte
the Greek,der Grieche
the Koran,der Koran
the Bible,die Bibel
the language,die Sprache
the Spirit,der Geist
the meat,das Fleisch
the birthday,der Geburtstag
the play (theater),das Theaterstück
the sentence,der Satz
the scene,die Szene
the room,das Zimmer
the study (room),das Studierzimmer
the meaning/thought/sense,der Sinn
the power,die Kraft
the act,die Tat
the work,die Arbeit
the example,das Beispiel
the blood,das Blut
the family,die Familie
the money,das Geld
the childhood,die Kindheit
the life,das Leben
the light,das Licht
the man,der Mann
the human being,der Mensch
the month,der Monat
the plant,die Pflanze
the animal,das Tier
the world,die Welt
the week,die Woche
the economy,die Wirtschaft
the value,der Wert
the length,die Länge
the mountain,der Berg
the lake,der See
the historian,der Historiker
the source,die Quelle
the environment,die Umwelt
the developmental biology,die Entwicklungsbiologie
the fugue,die Fuge
the cantata,die Kantate
the court musician,der Hofusiker
the organ (instrument),die Orgel
the church,die Kerch
the chorus singer,der Chorsänger
the music director,der Kapellmeister
the concert master,der Konzertmeister
the canto,der Kanto
the work,der Werk
to be,sein
young,jung
old,alt
healthy,gesund
ill,krank
when,wann
why,warum
what,was
what kind of,was für ein
which,welcher
who,wer
how,wie
how many,wie viele
how much,wie viel
where,wo
where to,wohin
but/however,aber
also/to,auch
famous,berühmt
German,deutsch
there,dort
a/an/one,ein
some/several,einige
large/great,groß
good,gut
the Mr./gentleman,das Herr
here,hier
yes,ja
no/not any,kein
of course/naturally,natürlich
not,nicht
Austrian,österreichisch
to say,sagen
beautiful/nice,schön
very,sehr
to go to college/university,studieren
and,und
fairly/rather,ziemlich
to lie (lay),liegen
found (establish),gründen
at the,an der
to read,lesen
willing,willig
weak,schwach
heavy/difficult/weighty,schwer
that means,das heißt
to begin,beginnen
easy/simply/simple,einfach
first,erst
to seek,suchen
for,für
to think,denken
more than,mehr als
active,aktiv
enough,genug
the president,der Präsident
the future,die Zukunft
the wall,die Mauer
the teacher,der Lehrer
to understand,verstehen
to describe,beschreiben
to explain,erklären
to go,gehen
to know,kennen
to supply/deliver,liefern
to act,handeln
to bring,bringen
to end,enden
to fall,fallen
to find,finden
to give,geben
to win,gewinnen
to hang,hängen
to help,helfen
to hear/listen,hören
to come,kommen
to cost,kosten
to land/end up/arrive,landen
to learn,lernen
to salt,salzen
to seem,scheinen
to swim,schwimmen
to send,senden
to set/put,setzen
to sing,singen
to sink,sinken
to sit,sitzen
to jump,springen
to start,starten
to stink,stinken
to stop,stoppen
to drink,trinken
to hike,wandern
to wash,waschen
to analyze,analysieren
to argue,argumentieren
to debate,debattieren
to demonstrate,demonstrieren
to document,dokumentieren
to dominate,dominieren
to evacuate,evakuieren
to evaluate,evaluieren
to photograph,fotografieren
to function,funktionieren
to inform,informieren
to invest,investieren
to combine,kombinieren
to comment,kommentieren
to compliment,komplimentieren
to complicate,komplizieren
to nominate,nominieren
to protest,protestieren
to qualify,qualifizieren
to quantify,quantifizieren
to rationalize,rationalisieren
to repair,reparieren
to rehabilitate,rehabilitieren
to train,trainieren
to answer,antworten
to open,öffnen
to rain,regnen
to be called/named,heißen
to handle/treat,behandeln
to observe,betrachten
European,europäisch
about/almost,fast
to use/employ,gebrauchen
today,heute
now,jetzt
cold,kalt
to live,leben
to do/make/cause,machen
most,meist
new,neu
to die,sterben
approximately,ungefähr
to examine/investigate,untersuchen
to insure,versichern
much,viel
many,viele
little/few,wenig
important,wichtig
e.g.,z.B.
to change/alter,verändern
to choose/select,wählen
generally/at all,überhaupt
especially,besonders
later,später
to visit,besuchen
to marry,heiraten
to write,schreiben
to become,werden
unfortunately,leider
analog,analog
bitter,bitter
conservative,konservativ
mild,mild
modern,modern
national,national
original,original
progressive,progressiv
quick,quick
real,real
so,so
still,still
transparent,transparent
warm,warm
wild,wild
the American,der Amerikaner
the silver,das Silber
sweet,süß
the equator,der Äquator
to select/choose,wählen
to compose,komponieren
